z_slice_um,surface_y_um,T_liq_K,keyhole_depth_um,keyhole_depth_x_um,keyhole_depth_y_um,meltpool_depth_um,meltpool_depth_x_um,meltpool_depth_y_um,keyhole_width_um,keyhole_width_x_left_um,keyhole_width_x_right_um,meltpool_width_um,meltpool_width_x_left_um,meltpool_width_x_right_um
156.25000378349796,1200.0,1563.0,365.3934786994655,1218.6452650137287,834.6065213005345,389.3296772010905,1218.6452650137287,810.6703227989095,231.56839673339982,1091.1353054088745,1322.7037021422743,505.42742659217333,940.5841779695688,1446.0116045617422
